﻿	{
		"FoodId":2,
		"FoodName":"蟹黄包",
		"Price":48,
		"FoodDescription":"原料：发酵面650g,猪前夹心肉300g，蟹黄肉200g，熟猪油140g，酱油75g, 白糖30g，酥油 25g，葱姜、料酒、胡椒各少许。",
		"CookMethod":"炒锅上火放猪油，待油温四成热时放入葱姜，七成热时放入蟹黄肉，用文火反复炒拌，加少许料酒、精盐充分熬透，待蟹黄蟹肉收缩时撒上少许胡椒粉，待黄冷却成为蟹油。",
		"MessageColor":14
	}