﻿<?xml version="1.0" encoding="utf-8" ?>
<OrderModel>
  <!--品尝提示信息，可格式，0为品尝人名称，1为菜品名称-->
  <OrderMessage>{0} 点了[{1}]</OrderMessage>
  <!--评分提示信息，可格式，0为评分人名称，1为菜品名称，2为评分数-->
  <ScoreMessage>{0} 对菜品【 {1} 】做出评价：{2}</ScoreMessage>
  <FoodScoreMessage>
    <!--评分信息-->
    <string>{0}星，重口味</string>
    <string>{0}星，食之无味</string>
    <string>{0}星，just so so</string>
    <string>{0}星，nice</string>
    <string>{0}星，very delicious</string>
  </FoodScoreMessage>
  <CustomerList>
    <!--顾客列表-->
    <string>吃货甲</string>
    <string>吃货乙</string>
    <string>吃货丙</string>
  </CustomerList>

</OrderModel>