﻿<?xml version="1.0" encoding="utf-8" ?>
<FoodModelList>
  <FoodList>
    <FoodModel>
      <FoodId>1</FoodId>
      <FoodName>狮子头</FoodName>
      <FoodDescription>
        所有主要食材，肥瘦的比例是肥4瘦6或者各一半，我这次用的是各一半，因为肥肉少了真不好吃。
      </FoodDescription>
      <Price>68</Price>
      <FoodScore>1</FoodScore>
      <FoodScoreMessage>好吃</FoodScoreMessage>
      <FoodColor>Red</FoodColor>
      <SimpleFactory>Ruanmou.Homework.Model.Food.BraisedPolkBall,Ruanmou.Homework.Model</SimpleFactory>
    </FoodModel>

    <FoodModel>
      <FoodId>2</FoodId>
      <FoodName>蟹黄包</FoodName>
      <FoodDescription>
        炒锅上火放猪油，待油温四成热时放入葱姜，七成热时放入蟹黄肉，用文火反复炒拌，加少许料酒、精盐充分熬透，待蟹黄蟹肉收缩时撒上少许胡椒粉，待黄冷却成为蟹油。
      </FoodDescription>
      <Price>48</Price>
      <FoodScore>3</FoodScore>
      <FoodScoreMessage>just so so</FoodScoreMessage>
      <FoodColor>Blue</FoodColor>
      <SimpleFactory>Ruanmou.Homework.Model.Food.CrabPackage,Ruanmou.Homework.Model</SimpleFactory>
    </FoodModel>

    <FoodModel>
      <FoodId>3</FoodId>
      <FoodName>松鼠鱼</FoodName>
      <FoodDescription>
        先把鱼洗净晾干，一定要彻底晾干，鱼皮发紧时，一会儿欹花刀好切。把鱼头切下，沿腹线片开，去掉脊骨及刺。
      </FoodDescription>
      <Price>58</Price>
      <FoodScore>5</FoodScore>
      <FoodScoreMessage>very delicious</FoodScoreMessage>
      <FoodColor>Green</FoodColor>
      <SimpleFactory>Ruanmou.Homework.Model.Food.SquirrelFish,Ruanmou.Homework.Model</SimpleFactory>
    </FoodModel>

    <FoodModel>
      <FoodId>4</FoodId>
      <FoodName>炒素鳝</FoodName>
      <FoodDescription>
        炒素鳝的介绍.。。。
      </FoodDescription>
      <Price>108</Price>
      <FoodScore>5</FoodScore>
      <FoodScoreMessage>very delicious</FoodScoreMessage>
      <FoodColor>Green</FoodColor>
      <SimpleFactory>Ruanmou.Homework.Model.Food.VegetarianEel,Ruanmou.Homework.Model</SimpleFactory>
    </FoodModel>

    <FoodModel>
      <FoodId>5</FoodId>
      <FoodName>三套鸭</FoodName>
      <FoodDescription>
        三套鸭的介绍。。。
      </FoodDescription>
      <Price>88</Price>
      <FoodScore>5</FoodScore>
      <FoodScoreMessage>very delicious</FoodScoreMessage>
      <FoodColor>Green</FoodColor>
      <SimpleFactory>Ruanmou.Homework.Model.Food.ThreeNestedDuck,Ruanmou.Homework.Model</SimpleFactory>
    </FoodModel>
  </FoodList>
</FoodModelList>